Cluster,Air temperature [K],Process temperature [K],Rotational speed [rpm],Torque [Nm],Tool wear [min]
0,0.859120786754733,0.8364654335851591,-0.38470880090302634,0.3668001281820368,0.0378198470927301
1,-0.8702699935758607,-0.8519717785146146,-0.36051411717196885,0.328806915091661,-0.05225617001810374
2,0.0582220517526164,0.06578737472163396,1.441836724904379,-1.3455147986744282,0.029849506034239873
