,Machine failure,Machine failure,Machine failure,Air temperature [K],Tool wear [min]
,count,sum,mean,mean,mean
Cluster,,,,,
0,3930,206,0.052417302798982185,0.859120786754733,0.0378198470927301
1,4017,87,0.021657953696788648,-0.8702699935758607,-0.05225617001810374
2,2053,46,0.022406234778373113,0.0582220517526164,0.029849506034239873
