Cluster,Air temperature [K],Process temperature [K],Rotational speed [rpm],Torque [Nm],Tool wear [min]
0,299.9903425141243,309.99493290960453,1426.1488347457628,46.49161370056497,108.01995056497175
1,299.99383116883115,310.0083333333333,1628.503787878788,33.3711038961039,108.11796536796537
2,300.198125,310.08359375,2017.35,20.6265625,106.3765625
