Label_Fraction,Supervised_PR_AUC,Semi_Supervised_PR_AUC
0.05,0.9653244353711812,0.5673837230544391
0.1,0.9746305281236582,0.8723419769048666
0.2,0.9791469486631779,0.9439320170175906
0.5,0.975253850037869,0.9780210084033613
