Model,F1-Score,PR-AUC
Logistic Regression,0.9850746268656716,0.9750812418884104
Random Forest,0.9850746268656716,0.9748212669683258
XGBoost,0.9774436090225563,0.9758432745310431
